Casino Cosmopol, Inställd, 2020-09-16T16:30
Tölö Kyrka, , 2020-10-08T13:00
Casino Cosmopol, Inställd, 2020-10-14T16:30
Partille Kulturcentrum, Mer detaljer kommer senare, 2020-10-21T18:00
IOGT-NTO i Vetlanda, , 2020-10-25T15:00
Casino Cosmopol, Inställd, 2020-11-04T16:30
Olskrokstorget, Mer detaljer kommer senare, 2020-12-12T11:00
Casino Cosmopol, Bordsbeställning per tel. 020-219219, 2021-01-20T16:30
Casino Cosmopol, Bordsbeställning per tel. 020-219219, 2021-02-17T16:30
Casino Cosmopol, Bordsbeställning per tel. 020-219219, 2021-03-17T16:30
Casino Cosmopol, Bordsbeställning per tel. 020-219219, 2021-04-21T16:30
Casino Cosmopol, Bordsbeställning per tel. 020-219219, 2021-05-19T16:30
Alingsås Jazzfestival, , 2021-10-17T15:30
Alingsås Jazzfestival, , 2022-10-17T15:30